{
  "Component.js": 1679016236852,
  "controller/View1.controller.js": 1679016236852,
  "utils/locate-reuse-libs.js": 1679016236852,
  "model/models.js": 1679016236852,
  "manifest.json": 1679027558555,
  "controller/App.controller.js": 1679016236852,
  "i18n/i18n.properties": 1679016236852,
  "Component-preload.js": 1679027559054,
  "model/models-dbg.js": 1679016236852,
  "utils/locate-reuse-libs-dbg.js": 1679016236852,
  "controller/View1-dbg.controller.js": 1679016236852,
  "controller/App-dbg.controller.js": 1679016236852,
  "Component-dbg.js": 1679016236852,
  "view/View1.view.xml": 1679016236852,
  "view/App.view.xml": 1679016236852,
  "css/style.css": 1679016236852,
  "index.html": 1679016236852
}